category,device,pps_idle,pps_active,pps_var_idle,pps_var_active,size_mean_idle,size_mean_active,size_var_idle,size_var_active,proto_tls_idle,proto_tls_active,proto_tcp_idle,proto_tcp_active,proto_udp_idle,proto_udp_active,proto_mdns_idle,proto_mdns_active,proto_ssdp_idle,proto_ssdp_active,proto_arp_idle,proto_arp_active,proto_dhcp_idle,proto_dhcp_active,proto_other_idle,proto_other_active,inout_ratio_idle,inout_ratio_active,num_packets_idle,num_packets_active,bts_idle,bts_active,pps_diff,pps_ratio,pps_var_diff,pps_var_ratio,size_mean_diff,size_mean_ratio,size_var_diff,size_var_ratio,proto_tls_diff,proto_tls_ratio,proto_tcp_diff,proto_tcp_ratio,proto_udp_diff,proto_udp_ratio,proto_mdns_diff,proto_mdns_ratio,proto_ssdp_diff,proto_ssdp_ratio,proto_arp_diff,proto_arp_ratio,proto_dhcp_diff,proto_dhcp_ratio,proto_other_diff,proto_other_ratio,inout_ratio_diff,inout_ratio_ratio,num_packets_diff,num_packets_ratio,bts_diff,bts_ratio,pps_cv_idle,pps_cv_active,size_cv_idle,size_cv_active,dominant_proto_change
appliance,cosori,0.1971356751654571,0.5873875726517163,0.3134893584791335,1.1130734313196036,97.99574468085106,204.6445868945869,2778.3667195935213,33081.2727361799,0.0,0.0,0.0,0.0,0.0,0.0,0.0,0.0,0.0,0.0,0.0,0.0,0.0340425531914893,0.0113960113960113,0.9659574468085106,0.9886039886039886,0.0001609502663676,0.0007885150632361,470,1404,52.90735024116321,182.4699671018081,0.39025189748625916,2.979595613848722,0.7995840728404701,3.550582661360196,106.64884221373583,2.0883007264526143,30302.906016586378,11.906733726321411,0.0,0.0,0.0,0.0,0.0,0.0,0.0,0.0,0.0,0.0,0.0,0.0,-0.022646541795478002,0.33474800153528744,0.02264654179547798,1.0234435982937962,0.0006275647968685,4.868871666109538,934,2.9872340361973744,129.56261686064488,3.44885848225647,2.8401676336635164,1.7961244091275734,0.537882682557082,0.8887729766049063,proto_dhcp
appliance,honeywell,0.3739227654942265,0.0944080041099799,0.5,6.072534332084895,345.3333333333333,210.6681614349776,135507.66666666666,86785.39389164951,0.0,0.2690582959641255,0.0,0.0,0.0,0.0,0.0,0.0,0.0,0.0,0.0,0.0,0.0,0.0717488789237668,1.0,0.6591928251121076,4.999950000499995e-06,0.000102987641483,15,223,368.48758274929145,294.68801603328893,-0.2795147613842466,0.2524792827361427,5.572534332084895,12.14504437408104,-134.6651718983557,0.6100429367517414,-48722.27277501715,0.640446374923503,0.2690582959641255,269058.29596412554,0.0,0.0,0.0,0.0,0.0,0.0,0.0,0.0,0.0,0.0,0.0717488789237668,71748.87892376681,-0.34080717488789236,0.6591921659199418,9.798769148250001e-05,17.164749951985886,208,14.866665675555623,-73.79956671600252,0.799723054532514,1.8910453050555451,26.10186703417733,1.0659661937775031,1.398377451173263,proto_other
appliance,levoit,0.3331616760478254,0.3287672810681736,12.998535564853556,11.270024465482395,136.2092731829574,135.96296296296296,27536.86079219378,29428.662309368192,0.0,0.0,0.0,0.0,0.0,0.0,0.0,0.0,0.0,0.0,0.0,0.0,0.100250626566416,0.0932311621966794,0.899749373433584,0.9067688378033204,0.0003188625702322,0.0003138659792268,798,783,166.2755034462958,171.87660990629092,-0.004394394979651772,0.9868070606473914,-1.7285110993711612,0.8670225612901037,-0.24631021999442737,0.9981916707105892,1891.8015171744119,1.068700696509386,0.0,0.0,0.0,0.0,0.0,0.0,0.0,0.0,0.0,0.0,0.0,0.0,-0.0070194643697366055,0.929971566445502,0.007019464369736439,1.0078004573012322,-4.996591005400005e-06,0.9812526017000148,-15,0.9812030062892193,5.601106459995123,1.03368569218086,10.821584914305191,10.211099742563158,1.2182895971338403,1.2617247934662068,proto_dhcp
appliance,swan,0.0918997513180641,0.0807904166687581,5.741815476190476,1.8699436763952888,135.59701492537314,124.19786096256684,41179.98179104478,18942.062791098844,0.1393034825870646,0.0,0.0,0.0,0.0,0.0,0.0,0.0,0.0,0.0,0.0,0.0,0.0796019900497512,0.0962566844919786,0.7810945273631841,0.9037433155080212,9.598992105828888e-05,8.899127885467224e-05,201,187,203.0204137434251,137.71095713566552,-0.01110933464930601,0.8791050727011613,-3.8718717997951875,0.325671098013906,-11.39915396280631,0.9159335853741802,-22237.918999945938,0.4599823012733362,-0.1393034825870646,0.0,0.0,0.0,0.0,0.0,0.0,0.0,0.0,0.0,0.0,0.0,0.016654694442227405,1.2092094082372908,0.12264878814483715,1.1570202156436236,-6.998642203616637e-06,0.9175312020430492,-14,0.9303482540778694,-65.30945660775959,0.678310884694542,26.073873481791203,16.9257935483384,1.4965558984261889,1.1081524636911901,proto_tls
appliance,weekett,0.5273700138833531,0.6011180649967054,1.3845874651630048,0.7789590254706534,196.1384493670886,187.0916030534351,3123.596810261884,3648.692991942324,0.0316455696202531,0.0124913254684247,0.0,0.0,0.0,0.0,0.0,0.0,0.0,0.0,0.0,0.0,0.0126582278481012,0.0111034004163775,0.9556962025316456,0.9764052741151976,0.0001148680166488,0.000170783105456,1264,1441,56.41651753164287,61.00553008880771,0.07374805111335225,1.1398390301550854,-0.6056284396923514,0.5625924562205191,-9.046846313653504,0.9538751973581844,525.0961816804402,1.1681062609576394,-0.019154244151828398,0.3947134118584066,0.0,0.0,0.0,0.0,0.0,0.0,0.0,0.0,0.0,0.0,-0.0015548274317237001,0.8770993420458055,0.020709071583552063,1.0216680257394248,5.5915088807200006e-05,1.4739451869073548,177,1.1400316446676964,4.589012557164843,1.0813416296610179,2.2312279520609457,1.468239165065596,0.2849474308232708,0.32286008947017714,proto_other
appliance,xiaomiblender,1.1006734474944158,1.7770739884522893,3.497200803398283,4.869403072046244,195.24770290964776,252.95811764705883,23391.17607668229,72359.45882441543,0.9483154670750384,0.9882352941176472,0.0,0.0,0.0,0.0,0.0,0.0,0.0,0.0,0.0,0.0,0.0187595712098009,0.0037647058823529,0.0329249617151607,0.008,0.0014173431258858,0.0023565484799214,2612,4250,154.04241424013182,270.774209334566,0.6764005409578735,1.6145318831536746,1.372202268647961,1.3923712001162107,57.71041473741107,1.2955753772352527,48968.28274773314,3.0934510767696786,0.03991982704260877,1.042094415133097,0.0,0.0,0.0,0.0,0.0,0.0,0.0,0.0,0.0,0.0,-0.014994865327448002,0.20067117574683127,-0.024924961715160697,0.24296936469790084,0.0009392053540355999,1.661479818890553,1638,1.6271056655332674,116.7317950944342,1.7577899496866802,1.6990313813895102,1.2417441089026848,0.7833215844802572,1.0634058190535225,proto_tls
audio,bose,0.8714040463443372,24.789689477520756,25.083626454750732,68.4492795926405,362.8036485837734,735.6606407130245,55272.87353135003,473067.4466186194,0.0604896783485357,0.955503237198352,0.0,0.0,0.0,0.0,0.0043206913106096,0.0002354326074161,0.7498799807969275,0.0264020852602371,0.0,0.0,0.0076812289966394,0.000269065837047,0.1776284205472875,0.0175901790969477,0.0003124469688651,0.0290973658316731,2083,59465,235.97324055841847,712.5886765505022,23.918285431176418,28.4479526272161,43.365653137889765,2.7288429361390665,372.85699212925107,2.0277101444734953,417794.5730872693,8.558763393072791,0.8950135588498163,15.795875716468666,0.0,0.0,0.0,0.0,-0.0040852587031935,0.05447696063763768,-0.7234778955366904,0.035208367642793906,0.0,0.0,-0.0074121631595924,0.03502444891511346,-0.1600382414503398,0.09902739671587761,0.028784918862808,92.83026706886389,57382,28.547767629117732,476.61543599208375,3.0197859377801146,5.7474485427576,0.3337438999831138,0.6480139788610032,0.9349405800362045,proto_tls
audio,echodot3,1.1868815407033246,37.1699868138847,0.8490028490028488,565.5255182715019,73.0677966101695,553.1085966761613,392.9263588544711,412829.2348171508,0.1525423728813559,0.7866082041850764,0.0,0.0,0.0,0.0,0.0,0.0061452889855787,0.0,0.000347634960863,0.0,0.0,0.0,0.0001794244959293,0.847457627118644,0.2067194473725525,6.999636018927016e-06,0.0416099244116657,59,89174,21.009251703084797,679.6878735821449,35.98310527318137,31.317325463274955,564.676515422499,666.1047755386611,480.0408000659918,7.569799758124641,412436.30845829635,1050.6529390648445,0.6340658313037205,5.15661997848231,0.0,0.0,0.0,0.0,0.0061452889855787,6145.2889855787,0.000347634960863,347.634960863,0.0,0.0,0.0001794244959293,179.4244959293,-0.6407381797460916,0.24392866006379307,0.041602924775646775,5201.477206365047,89115,1511.4237031962084,658.6786218790601,32.351834840957764,0.7763308283516035,0.639784456151247,0.2712873633900608,1.1616487060004932,proto_other
audio,echodot5,4.393815500080818,31.01125573919906,109.72587665156138,8352.442687961082,118.8078420203171,825.0491635875042,47963.308875071125,492664.98158000695,0.1059527200227855,0.8814914343298623,0.0,0.0,0.0,0.0,0.0336086585018513,0.0041921397379912,0.0,0.0004299630500503,0.0,0.0,0.001519035412513,0.0002149815250251,0.8589195860628501,0.1136714813570708,0.005213410630941,0.0438283047317042,10533,74425,223.39908684091208,732.9122327865366,26.617440239118245,7.057931467695261,8242.716811309521,76.12099230123796,706.241321567187,6.944399819180407,444701.67270493583,10.271705458290375,0.7755387143070769,8.319589289930512,0.0,0.0,0.0,0.0,-0.029416518763860103,0.12473020925696959,0.0004299630500503,429.9630500503,0.0,0.0,-0.0013040538874879001,0.14143191879305073,-0.7452481047057793,0.13234224816769388,0.0386148941007632,8.405226943892389,63892,7.06588816034692,509.5131459456245,3.2807306416061164,2.3840349299539803,2.947049195638127,1.843357018975419,0.850738364662503,proto_tls
audio,echospot,6.456631101325491,22.58697571434468,477.1965630915999,247.7455389564946,165.03684550743375,448.42293992802433,83939.64748840008,380174.1785487537,0.246218487394958,0.5767278767186491,0.0,0.0,0.0,0.0,0.0171945701357466,0.0047614653501891,0.0012928248222365,0.0009227646027498,0.0,0.0,0.0010342598577892,0.0003321952569899,0.7342598577892695,0.417255698071422,0.0071589245545756,0.0259168861198535,15470,54185,296.1800293424757,639.1696372843517,16.130344613019187,3.4982596746851606,-229.45102413510529,0.5191687400937338,283.38609442059055,2.717108024163719,296234.5310603536,4.52913718272122,0.3305093893236911,2.3423323751524436,0.0,0.0,0.0,0.0,-0.012433104785557501,0.27690069666784944,-0.00037006021948669994,0.7132067548021789,0.0,0.0,-0.0007020646007992999,0.32088103724924083,-0.3170041597178475,0.5682662961603395,0.018757961565277897,3.6197149735734477,38715,3.502585649418062,342.989607941876,2.1580443372406775,3.3833163891608877,0.6968588460245697,1.755507357128883,1.3750024927225426,proto_tls
audio,googlehome,3.2819640826040013,19.104432676623222,89.88432031630632,7271.584174487412,220.9635462974724,966.9967493509612,121949.3544890482,363290.1674778701,0.1166010415343579,0.9259113816349236,0.0,0.0,0.0,0.0,0.1529277276768703,0.021358291336693,0.0,0.0,0.0,0.0,0.0020322621618188,0.0003490629840521,0.7284389686269529,0.052381264044331,0.0032829803648308,0.0337861547935713,7873,45837,352.494441650414,621.8400027883183,15.82246859401922,5.821034714197885,7181.699854171106,80.89936117889162,746.0332030534888,4.376272743526972,241340.81298882194,2.979024932087827,0.8093103401005657,7.940781906139225,0.0,0.0,0.0,0.0,-0.1315694363401773,0.13966173433301463,0.0,0.0,0.0,0.0,-0.0016831991777667,0.17167632910645178,-0.6760577045826219,0.07190882749482459,0.0305031744287405,10.288171986470465,37964,5.822050043716239,269.3455611379043,1.7641129264696735,2.8887370605258003,4.463549441704681,1.5804076366391888,0.623306717311034,proto_tls
audio,homepod,1.7307207522121233,4.3985968367585375,3843.366919290063,51.38094363075906,624.8231751385208,214.77349900407853,419913.5359543498,76445.67056683947,0.8352204288123344,0.2062031679787536,0.0,0.0,0.0,0.0,0.0479402553601541,0.0285497486483922,0.0,0.0,0.0,0.0,0.0004818116116598,0.0001896993265673,0.1163575042158516,0.7650573840462866,0.0021887144970148,0.0051153769643922,4151,10543,649.7380786999054,280.8866988716191,2.667876084546414,2.5414812237359747,-3791.9859756593037,0.01336873233713561,-410.0496761344423,0.3437348472433489,-343467.86538751033,0.18205097959730474,-0.6290172608335808,0.24688443191881432,0.0,0.0,0.0,0.0,-0.0193905067117619,0.5955152495260072,0.0,0.0,0.0,0.0,-0.00029211228509250003,0.39290547697300704,0.6486998798304351,6.575001880628011,0.0029266624673774003,2.3360931168724988,6392,2.5398699102529823,-368.85137982828627,0.43230758308232803,35.82025488553416,1.6296216347354624,1.0371051886270501,1.2873473777240212,proto_other
audio,nestmini2,8.355416909683651,30.8540239285725,22.719653389366677,7798.066888286788,84.55708013172338,695.6857961146686,13587.449288974069,462940.8878594728,0.0689551940924059,0.5367323228229446,0.0,0.0,0.0,0.0,0.0328310547849516,0.0145091999675772,0.0,0.0,0.0,0.0,0.0007983235206067,0.0002161519548242,0.8974154276020357,0.448542325254654,0.009459832575115,0.0474227005202873,20042,74022,124.9206316565114,711.2516193530954,22.498607018888848,3.692696674431295,7775.347234897421,343.2299961365813,611.1287159829452,8.227410251199736,449353.4385704987,34.071213660467414,0.46777712873053867,7.78367092162435,0.0,0.0,0.0,0.0,-0.018321854817374403,0.4419217762217981,0.0,0.0,0.0,0.0,-0.0005821715657825,0.2704186093011964,-0.44887310234738176,0.49981514875228306,0.0379628679451723,5.012529303713089,53980,3.693343977462661,586.330987696584,5.693628059896172,0.5704698206435053,2.8620792295189164,1.378538771522186,0.9780242722310086,proto_tls
audio,sonos,0.3909992797632051,14.829360766408469,104.08101585842331,89511.05297873341,677.1154261057173,1203.5989711410723,153192.71128445645,311640.9417209155,0.1823085221143473,0.9535034907713617,0.0,0.0,0.0,0.0,0.0107874865156418,0.0001695921309251,0.2610571736785329,0.0068402159473133,0.0,0.0,0.0172599784250269,0.000452245682467,0.5285868392664509,0.0390344554679329,0.0001608767683954,0.0288836574703894,927,35379,391.7894040854758,573.0774612745208,14.438361486645263,37.926726741447155,89406.97196287499,860.0132443026689,526.483545035355,1.7775388404393209,158448.23043645904,2.034306587473405,0.7711949686570143,5.230135429642067,0.0,0.0,0.0,0.0,-0.0106178943847167,0.01571973331747832,-0.25421695773121955,0.026201883859558236,0.0,0.0,-0.0168077327425599,0.026200466238419224,-0.489552383798518,0.07384667706715135,0.028722780701994,178.42991157222892,34452,38.16504850251883,181.28805718904505,1.4627181180397,26.09207949762619,20.17510822057527,0.5780379373110989,0.4638157006025431,proto_tls
camera,amcrest266e,0.4531018322113967,3445.221096943174,15.467600276625175,1175962.5141640615,149.0388170055453,73.89226576104265,31404.270462244,25200.78279681036,0.0,1.4756143242478631e-05,0.0,0.0,0.0,0.0,0.0,1.5360903211432673e-05,0.0,1.487709523626944e-05,0.0,0.0,0.0147874306839186,3.0479902435283728e-05,0.9852125693160814,0.9999245259558746,0.0004587142210402,4.406226666479999,1082,8267743,177.6656026955647,3603.968641166101,3444.7679951109626,7603.6185431209005,1175947.0465637848,76027.46496583089,-75.14655124450265,0.4957920812166756,-6203.48766543364,0.8024635638744008,1.4756143242478631e-05,14.756143242478633,0.0,0.0,0.0,0.0,1.5360903211432673e-05,15.360903211432674,1.487709523626944e-05,14.877095236269442,0.0,0.0,-0.014756950781483315,0.0020610640227315346,0.014711956639793189,1.0149317438349994,4.405767952258959,9584.708205262794,8266661,7641.167275747534,3426.303038470536,20.285123097555836,8.67989943099064,0.31476007559402835,1.189035871559044,2.1483647908149193,proto_dhcp
camera,bluram6da9,1.2315836963089226,118.49021115486283,14.282887958014348,2108.814734106962,158.12419409569054,889.7497739864568,63322.14003562828,468722.67204061226,0.0,0.0,0.0,0.0,0.0,0.0,0.0,0.0,0.0366474380726162,0.0004080555799841,0.0,0.0,0.005429250084832,5.628352827367866e-05,0.9579233118425518,0.9995356608917422,0.0012978624205932,0.0868654538807344,2947,284275,252.8704917284896,803.12345022569,117.25862745855392,96.209551409643,2094.531846148948,147.64623181668537,731.6255798907663,5.6269046836761145,405400.532004984,7.402192531229719,0.0,0.0,0.0,0.0,0.0,0.0,0.0,0.0,-0.0362393824926321,0.01113432390148709,0.0,0.0,-0.005372966556558321,0.010364813294859502,0.04161234904919042,1.0434390781555085,0.0855675914601412,66.87810233285703,281328,96.46250420886919,550.2529584972004,3.176026754090341,3.0686243787482232,0.38755802723704835,1.5914004044725647,0.7694671674193434,proto_other
camera,boifun80c0,0.178607961956091,67.84950290328702,0.5288311688311689,494.7391578088093,148.71698113207546,450.3820499431766,6895.219947366074,165237.1850522775,0.0,0.0,0.0,0.0,0.0,0.0,0.0,0.0,0.0,0.0,0.0,0.0,0.0377358490566037,9.82891544061185e-05,0.9622641509433962,0.999901710845594,0.0001719566669199,0.0603615014868779,424,162785,83.21606907057907,474.34327290754857,67.67089494133093,379.8773709908636,494.2103266399781,935.5315106913553,301.66506881110115,3.0284507087643333,158341.96510491142,23.96401946415544,0.0,0.0,0.0,0.0,0.0,0.0,0.0,0.0,0.0,0.0,0.0,0.0,-0.03763755990219758,0.002604593570032539,0.03763755990219775,1.0391124627814892,0.060189544819957995,348.9978302763699,162361,383.9268858869649,391.1272038369695,5.700140279458499,4.071507842296415,0.3278245442770547,0.5583589709672663,0.9025532193234488,proto_other
camera,google1d15,4.090266031478772,103.9155891926277,5.752772917509277,1685.8482527441988,74.06114338122899,724.7870152785018,5576.885987970981,151241.1402939238,0.0142667889534291,0.0006175562417291,0.0,0.0,0.0,0.0,0.0,0.0,0.0,0.0,0.0,0.0,0.0016304901661061,6.416168745238e-05,0.9841027208804648,0.9993182820708184,0.0048810438368487,0.0265906003981893,9813,249370,78.76881708846555,492.81292820888245,99.82532316114893,25.40557582008494,1680.0954798266896,293.049627348141,650.7258718972728,9.786332919022533,145664.2543059528,27.11928136831609,-0.0136492327117,0.043283247582708136,0.0,0.0,0.0,0.0,0.0,0.0,0.0,0.0,0.0,0.0,-0.00156632847865372,0.03932704516725073,0.01521556119035361,1.0154603227968098,0.0217095565613406,5.446612379325378,239557,25.412208292529073,414.0441111204169,6.256446905873368,0.586390538020149,0.3951195618230666,1.0083364452563641,0.5365677506380987,proto_other
camera,hualai,1.8072206725089688,173.68059240188956,6.535338155056465,2004.6267197695408,64.49815413013383,554.5893160424882,3414.708397238182,217291.91279591763,0.0057683433317951,6.716754464242878e-05,0.0,0.0,0.0,0.0,0.0,0.0,0.0,0.0,0.0,0.0,0.0036917397323488,3.838145408138787e-05,0.990539916935856,0.9998944510012762,0.0003525966652722,0.0700110711529254,4334,416868,60.24272697850569,639.8263987714392,171.87337172938058,96.1036463007709,1998.0913816144844,306.73644813345896,490.09116191235444,8.598529910251365,213877.20439867943,63.634105011142196,-0.0057011757871526705,0.011642147256563071,0.0,0.0,0.0,0.0,0.0,0.0,0.0,0.0,0.0,0.0,-0.003653358278267412,0.010393760964294932,0.009354534065420195,1.0094428548134633,0.06965847448765321,197.9969779947744,412534,96.18550989935729,579.5836717929335,10.620807195180905,1.41456401508355,0.25778964183978303,0.906002756018294,0.8405243160027137,proto_other
camera,yibefb,0.2393363522691761,81.26743311135331,6.389920424403183,222.9448930109768,114.28924162257496,351.6986993404384,11552.813717975085,174861.60858198733,0.0476190476190476,0.0004205602683379,0.0,0.0,0.0,0.0,0.0,0.0,0.0,0.0,0.0,0.0,0.0282186948853615,8.206054016350562e-05,0.9241622574955908,0.9994973791914984,0.0002819196528989,0.0675518129507586,567,194978,107.72335245687462,499.4320042815892,81.02809675908414,339.55181813808184,216.55497258657363,34.89008364947145,237.40945771786343,3.0772686148763504,163308.79486401225,15.135845936369888,-0.0471984873507097,0.008831580171912294,0.0,0.0,0.0,0.0,0.0,0.0,0.0,0.0,0.0,0.0,-0.028136634345197992,0.0029079173427234034,0.07533512169590761,1.0815160320266974,0.0672698932978597,238.7667744484966,194411,343.87654260339235,391.70865182471454,4.6362463500686415,10.56178305695943,0.18373090591416563,0.940456106263274,1.1889852614338914,proto_other
lights,antela,0.4768162393526864,0.4801672642249358,1.2152783568192556,1.132917813168793,275.27320490367777,274.15391304347827,5447.8060999737545,5592.495872403224,0.0367775831873905,0.0365217391304347,0.0,0.0,0.0,0.0,0.0,0.0,0.0,0.0,0.0,0.0,0.0140105078809106,0.0139130434782608,0.9492119089316988,0.9495652173913044,7.292204633247059e-05,7.991449149410131e-05,1142,1150,74.28607107893059,75.26315913004441,0.003351024872249364,1.007025804848829,-0.08236054365046264,0.9322283035679738,-1.1192918601994961,0.9959338837337073,144.68977242946949,1.0265592733565916,-0.0002558440569557993,0.9930164776699756,0.0,0.0,0.0,0.0,0.0,0.0,0.0,0.0,0.0,0.0,-9.746440264979915e-05,0.9929726048412001,0.00035330845960557244,1.0003711585212236,6.992445161630719e-06,1.0810643841578627,8,1.0070052530586644,0.9770880511138245,1.0131530315679587,2.311989901487886,2.2166940209102917,0.2681309086995008,0.27277739997525474,proto_other
lights,fitop,0.4763948028452365,0.4676340846625885,1.016676578451779,0.5929264189736456,275.3102541630149,277.7026785714286,5668.877342128328,4856.250216232606,0.0333041191936897,0.01875,0.0,0.0,0.0,0.0,0.0,0.0,0.0,0.0,0.0,0.0,0.0140227870289219,0.0142857142857142,0.9526730937773884,0.9669642857142856,7.19231141909299e-05,6.093546933797109e-05,1141,1120,75.76834219516819,70.15443495995466,-0.008760718182648009,0.9816083220500279,-0.42375015947813344,0.58320005431473,2.3924244084136603,1.008689917515049,-812.6271258957213,0.8566511360700425,-0.014554119193689704,0.5629765169419525,0.0,0.0,0.0,0.0,0.0,0.0,0.0,0.0,0.0,0.0,0.00026292725679230057,1.018677355571082,0.014291191936897207,1.0150000845307297,-1.0987644852958813e-05,0.835612549107923,-21,0.9815950911642461,-5.6139072352135315,0.9259069421545497,2.116525390341897,1.6466197260245792,0.2734803589054159,0.2509403257571656,proto_tls
lights,lepro,0.4668947169264256,0.4770219397434527,0.5769301302035579,1.0984418857764795,201.7298747763864,200.6187554776512,2044.3459464480472,2373.03961283577,0.0187835420393559,0.0394390885188431,0.0,0.0,0.0,0.0,0.0,0.0,0.0,0.0,0.0,0.0,0.0143112701252236,0.0140227870289219,0.9669051878354205,0.9465381244522348,6.09355910802282e-05,7.492013513594509e-05,1118,1141,45.68133871934724,49.19087636367269,0.010127222817027104,1.021688403748246,0.5215117555729216,1.903939358219269,-1.1111192987351899,0.9944920389483269,328.69366638772294,1.1607818215884793,0.020655546479487197,2.099550174617694,0.0,0.0,0.0,0.0,0.0,0.0,0.0,0.0,0.0,0.0,-0.0002884830963017001,0.9797737819529048,-0.020367063383185613,0.9789348091475317,1.3984544055716887e-05,1.2096459213394342,23,1.0205724498921533,3.509537644325455,1.0768264824518505,1.6268283061930047,2.197097237499212,0.22413360355478598,0.24281804592561082,proto_tls
lights,lifx,0.1555844741078046,0.157664166193573,0.324526270456503,0.7957971676564638,78.6522911051213,78.82978723404256,4120.881474466379,4111.688283687944,0.0,0.0,0.0,0.0,0.0,0.0,0.0,0.0,0.0,0.0,0.0,0.0,0.0431266846361186,0.0425531914893617,0.9568733153638814,0.9574468085106383,0.0001879656022947,0.000189964666572,371,376,64.34967668255311,64.28011174649063,0.0020796920857684142,1.013360450888417,0.4712708971999608,2.4521734846413348,0.17749612892126265,1.0022567063739736,-9.193190778434655,0.9977691200697796,0.0,0.0,0.0,0.0,0.0,0.0,0.0,0.0,0.0,0.0,0.0,0.0,-0.0005734931467568996,0.9866792490344873,0.0005734931467569204,1.0005982950295194,1.999064277300014e-06,1.0052870166060273,5,1.0134770862170428,-0.06956493606247705,0.9989189388576948,3.6614733862770854,5.658032550633723,0.8161757336028792,0.8134291492693095,proto_other
lights,tapo,0.026294183191083,1.2760688432908591,2.1973684210526314,42270.48625792812,94.4,58.68104575163399,5259.725925925923,553.3091535317408,0.9272727272727272,0.0117647058823529,0.0,0.0,0.0,0.0,0.0,0.0,0.0,0.0,0.0,0.0,0.0727272727272727,0.0065359477124183,0.0,0.9816993464052288,2.699924402116741e-05,0.0019548438072805,55,3060,72.5502621243202,24.79859323017886,1.2497746600997761,48.52861583119105,42268.288889507065,19236.859243121165,-35.71895424836602,0.6216212407840334,-4706.416772394182,0.10519733560625381,-0.9155080213903743,0.01268741422983582,0.0,0.0,0.0,0.0,0.0,0.0,0.0,0.0,0.0,0.0,-0.06619132501485439,0.08986804536012796,0.9816993464052288,981699.3464052288,0.0019278445632593328,69.81773528608986,3005,55.636362624793406,-47.75166889414134,0.34181258843520185,56.373531080712375,161.11804241034233,0.7682623641193511,0.40085386490200964,proto_other
lights,wiz,0.119466620318975,0.0829684692269483,3.084070796460177,0.8213166144200627,108.4280701754386,96.81632653061224,16604.527378304916,5746.078911564627,0.0,0.0,0.0,0.0,0.0,0.0,0.0,0.0,0.0,0.0,0.0,0.0,0.0701754385964912,0.0816326530612244,0.9298245614035088,0.9183673469387756,0.0001179802972903,6.799129711396941e-05,285,196,128.97802232503312,75.88586360895513,-0.0364981510920267,0.6944849910412959,-2.2627541820401142,0.2663091745668016,-11.611743644826362,0.892908316832102,-10858.44846674029,0.3460549511771267,0.0,0.0,0.0,0.0,0.0,0.0,0.0,0.0,0.0,0.0,0.0,0.0,0.011457214464733204,1.163248729828048,-0.011457214464733134,0.9876770278852759,-4.998900017633059e-05,0.5714500523399892,-89,0.6877192958325639,-53.09215871607799,0.5883627431451461,14.699817955740025,10.922875720139066,1.1884243103081549,0.7829556963494628,proto_dhcp
lights,yeelight4,0.143158450984127,0.1688664626308953,0.31666984066527,0.8321394160278156,99.71720116618076,103.99007444168734,6797.332071675788,9027.567065417332,0.0,0.0,0.0,0.0,0.0,0.0,0.0,0.0,0.0,0.0,0.0,0.0,0.0466472303206997,0.0421836228287841,0.9533527696793004,0.957816377171216,0.000169970595087,0.0001769600070384,343,403,82.58909268473387,95.18237637262914,0.02570801164676831,1.1795690851707625,0.5154695753625456,2.6277740453766962,4.2728732755065835,1.0428499013478714,2230.234993741544,1.328104463471299,0.0,0.0,0.0,0.0,0.0,0.0,0.0,0.0,0.0,0.0,0.0,0.0,-0.0044636074919156,0.9042920286316956,0.004463607491915655,1.004680956465318,6.989411951399991e-06,1.0350318249073895,60,1.1749271102771806,12.593283687895266,1.1524811827572223,3.9308215431633013,5.401968769660222,0.8267975077795695,0.9136786323736948,proto_other
tv,appletv,0.2819124638463942,0.5059400906060638,82.53557422969189,443.9487004103966,496.0791245791246,362.866048862679,210755.02071019355,219981.2290908677,0.0252525252525252,0.5686604886267902,0.0,0.0,0.0,0.0,0.6060606060606061,0.050547598989048,0.0,0.0,0.0,0.0,0.0033670033670033,0.0016849199663016,0.3653198653198653,0.3791069924178601,9.395302348825588e-05,0.000547650051617,594,1187,459.3625379646331,469.5275057897408,0.22402762675966964,1.7946645176256455,361.4131261807047,5.378876916710306,-133.2130757164456,0.7314680867473871,9226.208380674158,1.0437769328034998,0.543407963374265,22.51806363430102,0.0,0.0,0.0,0.0,-0.555513007071558,0.08340340071631802,0.0,0.0,0.0,0.0,-0.0016820834007017001,0.5002726490148277,0.013787127097994789,1.037737037236907,0.0004536970281287441,5.7675893984011495,593,1.998316494952329,10.164967825107738,1.0221284191959117,32.22587890685294,41.645342859800664,0.9254181476893516,1.2925473900813498,proto_mdns
tv,LGtv,2.6299111894517826,560.4879960805379,110.0705413368768,572348.1986432235,163.34555555555556,1093.034892387616,34789.5924314265,407881.40453291015,0.0801587301587301,0.9954543493493568,0.0,0.0,0.0,0.0,0.005079365079365,1.7852334415879057e-05,0.0239682539682539,0.0001100893955645,0.0,0.0,0.0025396825396825,1.0413861742596116e-05,0.8882539682539683,0.0044072950589201,0.0022638833417826,0.7120604211427262,6300,1344362,189.14959495346235,1199.1439320373802,557.858084891086,213.12042216792574,572238.1281018866,5199.830822051564,929.6893368320605,6.691549592387371,373091.81210148364,11.724236359628467,0.9152956191906267,12.418384485304347,0.0,0.0,0.0,0.0,-0.005061512744949121,0.003513986522029719,-0.0238581645726894,0.0045929420961665305,0.0,0.0,-0.002529268677939904,0.004098844141266661,-0.8838466731950482,0.004961745463223768,0.7097965378009435,314.3916545309974,1338062,213.39079361692208,1009.9943370839178,6.339658966717608,3.9892780112929302,1.3497826566332622,1.1418717943550134,0.5842960181970692,proto_tls
tv,samsungtv,11.953214121765162,167.39761818237196,16446.445546687733,41980.06282075412,1021.043294430079,933.1591857764768,412940.16400594753,313304.236410739,0.9488783283248304,0.9929086487603204,0.0,0.0,0.0,0.0,0.0211055978754629,0.001139992582581,0.0,0.0,0.0,0.0,0.0005590886854427,3.982506838710962e-05,0.0294569851142637,0.0059115335887115,0.0200768961485482,0.2579596342131005,28618,401757,654.5574189056645,727.133481255964,155.4444040606068,14.00440103161566,25533.61727406639,2.5525310438069857,-87.8841086536022,0.9139271468242842,-99635.92759520852,0.7587158230640597,0.044030320435489934,1.0464013906944523,0.0,0.0,0.0,0.0,-0.0199656052928819,0.054011195423696305,0.0,0.0,0.0,0.0,-0.0005192636170555904,0.07110493288331912,-0.0235454515255522,0.20067677968406283,0.2378827380645523,12.847941452857507,373139,14.038612061847836,72.5760623502996,1.1108780668329439,10.72880347480741,1.2239742047072224,0.6293603882029553,0.5998289155863691,proto_tls
tv,samsungtvsmall,2.483298920217249,144.64598726766278,31.149501551395584,49617.0993092616,220.9005877413938,974.47512970234,65092.31124419599,373480.4556966421,0.1682619647355163,0.9833698698799624,0.0,0.0,0.0,0.0,0.0006717044500419,1.1522695388905373e-05,0.0201511335012594,0.0004609078155562,0.0,0.0,0.0026868178001679,4.609078155562149e-05,0.8082283795130143,0.0161116088275369,0.0006943498030851,0.2183426847400236,5955,347141,257.6152476138217,755.7764608137314,142.16268834744554,58.24748999911721,49585.9498077102,1592.8697168564772,753.5745419609462,4.411374072176642,308388.14445244614,5.73770463134701,0.8151079051444461,5.844244284092283,0.0,0.0,0.0,0.0,-0.0006601817546529946,0.017128912092357455,-0.0196902256857032,0.02287141535298958,0.0,0.0,-0.0026407270186122787,0.01714803047763964,-0.7921167706854774,0.0199344508328127,0.2176483349369385,314.0040937256178,341186,58.294038613216784,498.16121319990975,2.933741169749927,2.247482797076363,1.5399594759277608,1.154962737524819,0.6271380913596065,proto_tls
tv,tclroku,0.6611717257708871,115.04188996888342,87.17088664759896,126399.53977727555,333.1817606079797,1199.163415263133,178264.24134011753,214874.15416025187,0.2761241291956934,0.9961462604924504,0.0,0.0,0.0,0.0,0.3685877137428752,0.0020049615534093,0.0607979734008866,0.0002578845476305,0.0,0.0,0.0202659911336288,0.0001162296552701,0.2742241925269157,0.0014746637512394,0.0004205197664267,0.2294913806484205,1579,275317,422.8746738074991,578.5870918211428,114.38071824311254,173.99672655091993,126312.36889062796,1450.0201063486259,865.9816546551533,3.599126823376556,36609.91282013434,1.2053687971502902,0.720022131296757,3.6075900204883884,0.0,0.0,0.0,0.0,-0.3665827521894659,0.005439563064885234,-0.0605400888532561,0.00424159378366641,0.0,0.0,-0.0201497614783587,0.0057349240695744605,-0.2727495287756763,0.005377564831483013,0.2290708608819938,544.4380048742692,273738,174.36162116886533,155.71241801364374,1.36822355721474,14.121173909846807,3.090414513000519,1.2672167289231844,0.3865571577364927,proto_tls
tv,toshiba,2.2423855122463894,154.95539698117858,250.1147762910529,58430.64209931221,321.7882308845577,1112.6996855472796,38661.07417074031,279123.11932475405,0.0416041979010494,0.9722802798602312,0.0,0.0,0.0,0.0,0.0,0.0,0.4994377811094452,0.0066817840686254,0.0,0.0,0.0029985007496251,4.303886678663751e-05,0.45595952023988,0.0209948972043566,0.0023040303083173,0.2874508556213473,5336,371757,198.86658079538117,683.2764351054936,152.7130114689322,69.10289378522285,58180.52732302115,233.61531346593648,790.9114546627219,3.45786320099631,240462.04515401373,7.219745578843276,0.9306760819591818,23.36920214086297,0.0,0.0,0.0,0.0,0.0,0.0,-0.4927559970408198,0.013378584766250218,0.0,0.0,-0.0029554618828384624,0.014348676789634683,-0.4349646230355234,0.046045427778069956,0.28514682531303004,124.7058898028937,366421,69.66960268559414,484.40985431011245,3.4358534698833108,7.052761574774042,1.559960564534534,0.6110360038078526,0.4748100898308883,proto_tls
